/*
SQLyog Community v13.2.0 (64 bit)
MySQL - 10.4.28-MariaDB : Database - sb_proj_2023
*********************************************************************
*/

/*!40101 SET NAMES utf8 */;

/*!40101 SET SQL_MODE=''*/;

/*!40014 SET @OLD_UNIQUE_CHECKS=@@UNIQUE_CHECKS, UNIQUE_CHECKS=0 */;
/*!40014 SET @OLD_FOREIGN_KEY_CHECKS=@@FOREIGN_KEY_CHECKS, FOREIGN_KEY_CHECKS=0 */;
/*!40101 SET @OLD_SQL_MODE=@@SQL_MODE, SQL_MODE='NO_AUTO_VALUE_ON_ZERO' */;
/*!40111 SET @OLD_SQL_NOTES=@@SQL_NOTES, SQL_NOTES=0 */;
CREATE DATABASE /*!32312 IF NOT EXISTS*/`sb_proj_2023` /*!40100 DEFAULT CHARACTER SET utf8mb4 COLLATE utf8mb4_general_ci */;

USE `sb_proj_2023`;

/*Table structure for table `article` */

DROP TABLE IF EXISTS `article`;

CREATE TABLE `article` (
  `id` int(10) unsigned NOT NULL AUTO_INCREMENT,
  `regDate` datetime NOT NULL,
  `updateDate` datetime NOT NULL,
  `memberId` int(10) unsigned NOT NULL,
  `boardId` int(10) unsigned NOT NULL,
  `title` char(100) NOT NULL,
  `body` text NOT NULL,
  PRIMARY KEY (`id`)
) ENGINE=InnoDB AUTO_INCREMENT=123 DEFAULT CHARSET=utf8mb4 COLLATE=utf8mb4_general_ci;

/*Data for the table `article` */

insert  into `article`(`id`,`regDate`,`updateDate`,`memberId`,`boardId`,`title`,`body`) values 
(1,'2023-08-23 12:37:13','2023-08-23 12:37:13',2,1,'제목 1','내용 1'),
(2,'2023-08-23 12:37:13','2023-08-23 12:37:13',2,1,'제목 2','내용 2'),
(3,'2023-08-23 12:37:13','2023-08-23 12:37:13',2,1,'제목 3','내용 3'),
(4,'2023-08-23 12:37:17','2023-08-23 12:37:17',2,1,'제목_0.7801135850885078','내용_0.6659499087053816'),
(5,'2023-08-23 12:37:17','2023-08-23 12:37:17',3,2,'제목_0.777745571711795','내용_0.04114469051467692'),
(6,'2023-08-23 12:37:17','2023-08-23 12:37:17',3,1,'제목_0.5775387264578964','내용_0.1706942628796159'),
(7,'2023-08-23 12:37:17','2023-08-23 12:37:17',1,1,'제목_0.09839988788440814','내용_0.2154202575007642'),
(8,'2023-08-23 12:37:17','2023-08-23 12:37:17',3,1,'제목_0.9705327227437243','내용_0.06292105099458345'),
(9,'2023-08-23 12:37:17','2023-08-23 12:37:17',2,2,'제목_0.9223410039416896','내용_0.13288765506156502'),
(10,'2023-08-23 12:37:17','2023-08-23 12:37:17',3,1,'제목_0.7498218312392214','내용_0.48386857703688424'),
(11,'2023-08-23 12:37:17','2023-08-23 12:37:17',1,1,'제목_0.4792748172574442','내용_0.2030298851458634'),
(12,'2023-08-23 12:37:17','2023-08-23 12:37:17',2,1,'제목_0.6557020104077663','내용_0.4459038865248709'),
(14,'2023-08-23 12:37:18','2023-08-23 12:37:18',1,2,'제목_0.08453739349221567','내용_0.4996204026971202'),
(15,'2023-08-23 12:37:18','2023-08-23 12:37:18',1,2,'제목_0.8844711462822474','내용_0.2515913380790421'),
(16,'2023-08-23 12:37:18','2023-08-23 12:37:18',2,1,'제목_0.5260823234227321','내용_0.8265843641260493'),
(17,'2023-08-23 12:37:18','2023-08-23 12:37:18',2,1,'제목_0.8040821066164245','내용_0.13954653231384842'),
(18,'2023-08-23 12:37:18','2023-08-23 12:37:18',1,1,'제목_0.18750239367364196','내용_0.9111351109213522'),
(19,'2023-08-23 12:37:18','2023-08-23 12:37:18',3,1,'제목_0.18267841561015546','내용_0.2160819500834513'),
(20,'2023-08-23 12:37:18','2023-08-23 12:37:18',2,1,'제목_0.4710106881996716','내용_0.31417291547560405'),
(21,'2023-08-23 12:37:18','2023-08-23 12:37:18',1,2,'제목_0.7597224095461167','내용_0.25868007285397504'),
(22,'2023-08-23 12:37:18','2023-08-23 12:37:18',1,1,'제목_0.4329287516259856','내용_0.2792668568708625'),
(23,'2023-08-23 12:37:18','2023-08-23 12:37:18',1,2,'제목_0.9570546559589492','내용_0.8354540270152073'),
(24,'2023-08-23 12:37:18','2023-08-23 12:37:18',1,1,'제목_0.2025261336961073','내용_0.940123881157603'),
(25,'2023-08-23 12:37:18','2023-08-23 12:37:18',1,2,'제목_0.9450447465712621','내용_0.7907230703073769'),
(29,'2023-08-23 12:37:18','2023-08-23 12:37:18',1,1,'제목_0.7457392660395608','내용_0.06798676314576227'),
(30,'2023-08-23 12:37:18','2023-08-23 12:37:18',1,1,'제목_0.2399518007784633','내용_0.2708990855802773'),
(31,'2023-08-23 12:37:18','2023-08-23 12:37:18',2,1,'제목_0.898595139289829','내용_0.4114665607097247'),
(32,'2023-08-23 12:37:18','2023-08-23 12:37:18',2,2,'제목_0.7820449348371894','내용_0.19021241291445903'),
(33,'2023-08-23 12:37:18','2023-08-23 12:37:18',2,1,'제목_0.455214388161166','내용_0.9140742336530929'),
(34,'2023-08-23 12:37:18','2023-08-23 12:37:18',1,1,'제목_0.7929034389489362','내용_0.12026471842105009'),
(35,'2023-08-23 12:37:18','2023-08-23 12:37:18',1,2,'제목_0.09352213991202614','내용_0.21079351400099092'),
(36,'2023-08-23 12:37:18','2023-08-23 12:37:18',3,1,'제목_0.8529234564424711','내용_0.5607411317161668'),
(37,'2023-08-23 12:37:18','2023-08-23 12:37:18',1,2,'제목_0.9774602483748088','내용_0.25994156604627294'),
(38,'2023-08-23 12:37:18','2023-08-23 12:37:18',2,1,'제목_0.18207324220060672','내용_0.7399335063434518'),
(39,'2023-08-23 12:37:18','2023-08-23 12:37:18',1,2,'제목_0.2768499779299367','내용_0.7419338475372026'),
(40,'2023-08-23 12:37:18','2023-08-23 12:37:18',3,1,'제목_0.21161783320048622','내용_0.548703712922245'),
(41,'2023-08-23 12:37:18','2023-08-23 12:37:18',1,2,'제목_0.1600765969232438','내용_0.10873990329796439'),
(42,'2023-08-23 12:37:18','2023-08-23 12:37:18',1,2,'제목_0.7652362769145856','내용_0.8527941059812848'),
(43,'2023-08-23 12:37:18','2023-08-23 12:37:18',3,1,'제목_0.5098466524014684','내용_0.7004542059269308'),
(44,'2023-08-23 12:37:18','2023-08-23 12:37:18',3,2,'제목_0.8932713651035645','내용_0.1794780699345079'),
(45,'2023-08-23 12:37:18','2023-08-23 12:37:18',1,2,'제목_0.09450740748504867','내용_0.8241953289361628'),
(46,'2023-08-23 12:37:18','2023-08-23 12:37:18',3,2,'제목_0.06106821546430533','내용_0.16128218189001287'),
(47,'2023-08-23 12:37:18','2023-08-23 12:37:18',2,2,'제목_0.29130591944913','내용_0.559974765926576'),
(48,'2023-08-23 12:37:18','2023-08-23 12:37:18',3,2,'제목_0.9714129399242','내용_0.00749600120586902'),
(49,'2023-08-23 12:37:18','2023-08-23 12:37:18',1,2,'제목_0.598866940102416','내용_0.21318039504176042'),
(50,'2023-08-23 12:37:18','2023-08-23 12:37:18',1,2,'제목_0.7269203427498419','내용_0.5137074231297778'),
(51,'2023-08-23 12:37:18','2023-08-23 12:37:18',2,1,'제목_0.8254634363813916','내용_0.9340421566125399'),
(52,'2023-08-23 12:37:18','2023-08-23 12:37:18',1,1,'제목_0.25341893756149236','내용_0.7661664660704941'),
(60,'2023-08-23 12:37:19','2023-08-23 12:37:19',1,1,'제목_0.06016525818050397','내용_0.13769119804510027'),
(61,'2023-08-23 12:37:19','2023-08-23 12:37:19',2,1,'제목_0.1097576349133231','내용_0.1686051992407117'),
(62,'2023-08-23 12:37:19','2023-08-23 12:37:19',2,1,'제목_0.7734908841303465','내용_0.678604319392335'),
(63,'2023-08-23 12:37:19','2023-08-23 12:37:19',1,1,'제목_0.4170128502110139','내용_0.10426843455458845'),
(64,'2023-08-23 12:37:19','2023-08-23 12:37:19',1,1,'제목_0.3826540293010455','내용_0.7971312029260501'),
(65,'2023-08-23 12:37:19','2023-08-23 12:37:19',3,2,'제목_0.4722992046478197','내용_0.9702674261948722'),
(66,'2023-08-23 12:37:19','2023-08-23 12:37:19',2,1,'제목_0.0036588422988158113','내용_0.2341077693124374'),
(67,'2023-08-23 12:37:19','2023-08-23 12:37:19',1,1,'제목_0.99875535350177','내용_0.7073113738627279'),
(68,'2023-08-23 12:37:19','2023-08-23 12:37:19',2,2,'제목_0.27672804638438675','내용_0.64507994208958'),
(69,'2023-08-23 12:37:19','2023-08-23 12:37:19',2,1,'제목_0.018544297682628313','내용_0.9702068753263046'),
(70,'2023-08-23 12:37:19','2023-08-23 12:37:19',3,1,'제목_0.9457303694875262','내용_0.5294909491478381'),
(71,'2023-08-23 12:37:19','2023-08-23 12:37:19',3,1,'제목_0.8834366434099494','내용_0.02864667775914695'),
(72,'2023-08-23 12:37:19','2023-08-23 12:37:19',2,1,'제목_0.4146167826043598','내용_0.9370516118938584'),
(73,'2023-08-23 12:37:19','2023-08-23 12:37:19',2,1,'제목_0.6551963385708596','내용_0.08833000258387066'),
(74,'2023-08-23 12:37:19','2023-08-23 12:37:19',2,1,'제목_0.14839276033303958','내용_0.39601834434645095'),
(75,'2023-08-23 12:37:19','2023-08-23 12:37:19',2,1,'제목_0.8278213914742892','내용_0.6795699230204988'),
(76,'2023-08-23 12:37:19','2023-08-23 12:37:19',3,2,'제목_0.9229317101863508','내용_0.01500572544988778'),
(77,'2023-08-23 12:37:19','2023-08-23 12:37:19',1,1,'제목_0.5120519059822447','내용_0.10180808613245197'),
(78,'2023-08-23 12:37:19','2023-08-23 12:37:19',3,2,'제목_0.8763432482968487','내용_0.7047178034714588'),
(79,'2023-08-23 12:37:19','2023-08-23 12:37:19',3,1,'제목_0.10953780273863842','내용_0.4717596354631331'),
(80,'2023-08-23 12:37:19','2023-08-23 12:37:19',1,2,'제목_0.5876712487895706','내용_0.7314209041478307'),
(81,'2023-08-23 12:37:19','2023-08-23 12:37:19',3,1,'제목_0.6986843344743218','내용_0.6648476716734912'),
(82,'2023-08-23 12:37:19','2023-08-23 12:37:19',1,1,'제목_0.047363594218495855','내용_0.7976661695145687'),
(83,'2023-08-23 12:37:19','2023-08-23 12:37:19',3,2,'제목_0.6522897460053579','내용_0.7468427594256054'),
(84,'2023-08-23 12:37:19','2023-08-23 12:37:19',3,2,'제목_0.898939769620951','내용_0.5561147737839397'),
(85,'2023-08-23 12:37:19','2023-08-23 12:37:19',1,2,'제목_0.50087957503356','내용_0.25311191589861354'),
(86,'2023-08-23 12:37:19','2023-08-23 12:37:19',3,1,'제목_0.9875809186953873','내용_0.7720984982066774'),
(87,'2023-08-23 12:37:19','2023-08-23 12:37:19',3,1,'제목_0.16901755628084536','내용_0.3277277185839859'),
(88,'2023-08-23 12:37:19','2023-08-23 12:37:19',1,2,'제목_0.9789754114849264','내용_0.870637141047639'),
(89,'2023-08-23 12:37:19','2023-08-23 12:37:19',2,1,'제목_0.09815210206262032','내용_0.08260219551865217'),
(90,'2023-08-23 12:37:19','2023-08-23 12:37:19',1,1,'제목_0.36917069868107394','내용_0.8109526595202765'),
(91,'2023-08-23 12:37:19','2023-08-23 12:37:19',3,1,'제목_0.6752374020174494','내용_0.46599239992535896'),
(92,'2023-08-23 12:37:19','2023-08-23 12:37:19',1,1,'제목_0.7036103202995009','내용_0.14823577473707103'),
(93,'2023-08-23 12:37:19','2023-08-23 12:37:19',2,2,'제목_0.6441183207967489','내용_0.09949436234263179'),
(94,'2023-08-23 12:37:19','2023-08-23 12:37:19',2,2,'제목_0.9401561105066502','내용_0.11947655130128987'),
(95,'2023-08-23 12:37:19','2023-08-23 12:37:19',3,2,'제목_0.29996994072568595','내용_0.9214217680705914'),
(96,'2023-08-23 12:37:19','2023-08-23 12:37:19',3,2,'제목_0.7370527393529683','내용_0.3700738142897131'),
(97,'2023-08-23 12:37:19','2023-08-23 12:37:19',2,1,'제목_0.5115324207688984','내용_0.3001631091350346'),
(98,'2023-08-23 12:37:19','2023-08-23 12:37:19',3,2,'제목_0.7543564576230538','내용_0.9799754973314474'),
(99,'2023-08-23 12:37:19','2023-08-23 12:37:19',2,1,'제목_0.310146903908017','내용_0.8183917662300093'),
(100,'2023-08-23 12:37:19','2023-08-23 12:37:19',1,1,'제목_0.27752299446381906','내용_0.33036855452728325'),
(101,'2023-08-23 12:37:19','2023-08-23 12:37:19',3,1,'제목_0.06849590602190783','내용_0.026689159708739408'),
(102,'2023-08-23 12:37:19','2023-08-23 12:37:19',3,2,'제목_0.014741235426386107','내용_0.39453688486901756'),
(103,'2023-08-23 12:37:19','2023-08-23 12:37:19',3,1,'제목_0.5080833849572421','내용_0.16433759514646382'),
(104,'2023-08-23 12:37:19','2023-08-23 12:37:19',1,2,'제목_0.07856899227813724','내용_0.41031548232800835'),
(105,'2023-08-23 12:37:19','2023-08-23 12:37:19',3,2,'제목_0.794418191345798','내용_0.426873253124648'),
(106,'2023-08-23 12:37:19','2023-08-23 12:37:19',3,1,'제목_0.12135927856095068','내용_0.18197977466693127'),
(107,'2023-08-23 12:37:19','2023-08-23 12:37:19',2,1,'제목_0.2783670688777855','내용_0.8423372291422796');

/*Table structure for table `board` */

DROP TABLE IF EXISTS `board`;

CREATE TABLE `board` (
  `id` int(10) unsigned NOT NULL AUTO_INCREMENT,
  `regDate` datetime NOT NULL,
  `updateDate` datetime NOT NULL,
  `code` char(50) NOT NULL COMMENT 'notice(공지사항),free(자유게시판)...',
  `name` char(50) NOT NULL COMMENT '게시판 이름',
  `delStatus` tinyint(1) unsigned NOT NULL DEFAULT 0 COMMENT '삭제여부(0=탈퇴전, 1=탈퇴)',
  `delDate` datetime DEFAULT NULL COMMENT '삭제날짜',
  PRIMARY KEY (`id`),
  UNIQUE KEY `code` (`code`),
  UNIQUE KEY `name` (`name`)
) ENGINE=InnoDB AUTO_INCREMENT=3 DEFAULT CHARSET=utf8mb4 COLLATE=utf8mb4_general_ci;

/*Data for the table `board` */

insert  into `board`(`id`,`regDate`,`updateDate`,`code`,`name`,`delStatus`,`delDate`) values 
(1,'2023-08-23 12:37:14','2023-08-23 12:37:14','notice','공지사항',0,NULL),
(2,'2023-08-23 12:37:14','2023-08-23 12:37:14','free','자유',0,NULL);

/*Table structure for table `member` */

DROP TABLE IF EXISTS `member`;

CREATE TABLE `member` (
  `id` int(10) unsigned NOT NULL AUTO_INCREMENT,
  `regDate` datetime NOT NULL,
  `updateDate` datetime NOT NULL,
  `loginId` char(20) NOT NULL,
  `loginPw` char(60) NOT NULL,
  `authLevel` smallint(2) unsigned DEFAULT 3 COMMENT '(3=일반, 7=관리자)',
  `name` char(20) NOT NULL,
  `nickname` char(20) NOT NULL,
  `cellphoneNo` char(20) NOT NULL,
  `email` char(50) NOT NULL,
  `delStatus` tinyint(1) unsigned NOT NULL DEFAULT 0 COMMENT '탈퇴여부(0=탈퇴전, 1=탈퇴)',
  `delDate` datetime DEFAULT NULL COMMENT '탈퇴날짜',
  PRIMARY KEY (`id`)
) ENGINE=InnoDB AUTO_INCREMENT=4 DEFAULT CHARSET=utf8mb4 COLLATE=utf8mb4_general_ci;

/*Data for the table `member` */

insert  into `member`(`id`,`regDate`,`updateDate`,`loginId`,`loginPw`,`authLevel`,`name`,`nickname`,`cellphoneNo`,`email`,`delStatus`,`delDate`) values 
(1,'2023-08-23 12:37:13','2023-08-23 12:37:13','admin','admin',7,'관리자','관리자','01011111111','admin@gmail.com',0,NULL),
(2,'2023-08-23 12:37:13','2023-08-23 12:37:13','user1','user1',3,'사용자1','사용자1','01011112222','user1@gmail.com',0,NULL),
(3,'2023-08-23 12:37:14','2023-08-23 12:37:14','user2','user2',3,'사용자2','사용자2','01022222222','user2@gmail.com',0,NULL);

/*!40101 SET SQL_MODE=@OLD_SQL_MODE */;
/*!40014 SET FOREIGN_KEY_CHECKS=@OLD_FOREIGN_KEY_CHECKS */;
/*!40014 SET UNIQUE_CHECKS=@OLD_UNIQUE_CHECKS */;
/*!40111 SET SQL_NOTES=@OLD_SQL_NOTES */;
